[{
        "id": 1832008,
        "name": "Tokusan-ri",
        "state": "",
        "country": "KR",
        "coord": {
            "lon": 128.699997,
            "lat": 35.133331
        }
    },
    {
        "id": 1832015,
        "name": "Heunghae",
        "state": "",
        "country": "KR",
        "coord": {
            "lon": 129.352219,
            "lat": 36.112499
        }
    },
    {
        "id": 1832157,
        "name": "Reisui",
        "state": "",
        "country": "KR",
        "coord": {
            "lon": 127.737778,
            "lat": 34.744171
        }
    },
    {
        "id": 1832215,
        "name": "Yeonil",
        "state": "",
        "country": "KR",
        "coord": {
            "lon": 129.345001,
            "lat": 35.994171
        }
    },
    {
        "id": 1832257,
        "name": "Neietsu",
        "state": "",
        "country": "KR",
        "coord": {
            "lon": 128.468216,
            "lat": 37.184471
        }
    },
    {
        "id": 1832384,
        "name": "Eisen",
        "state": "",
        "country": "KR",
        "coord": {
            "lon": 128.630829,
            "lat": 36.821671
        }
    },
    {
        "id": 1832427,
        "name": "Yongin",
        "state": "",
        "country": "KR",
        "coord": {
            "lon": 127.20639,
            "lat": 37.234169
        }
    },
    {
        "id": 1832501,
        "name": "Yeonggwang",
        "state": "",
        "country": "KR",
        "coord": {
            "lon": 126.509438,
            "lat": 35.275002
        }
    },
    {
        "id": 1832566,
        "name": "Yeongdong",
        "state": "",
        "country": "KR",
        "coord": {
            "lon": 127.77639,
            "lat": 36.174999
        }
    },
    {
        "id": 1832617,
        "name": "Eisen",
        "state": "",
        "country": "KR",
        "coord": {
            "lon": 128.930832,
            "lat": 35.967499
        }
    },
    {
        "id": 1832663,
        "name": "Yeongam-guncheong",
        "state": "",
        "country": "KR",
        "coord": {
            "lon": 126.699997,
            "lat": 34.798328
        }
    },
    {
        "id": 1832697,
        "name": "Yeoncheon-gun",
        "state": "",
        "country": "KR",
        "coord": {
            "lon": 127.075768,
            "lat": 38.09404
        }
    },
    {
        "id": 1832743,
        "name": "Yeoju",
        "state": "",
        "country": "KR",
        "coord": {
            "lon": 127.633888,
            "lat": 37.29583
        }
    },
    {
        "id": 1832771,
        "name": "Yesan",
        "state": "",
        "country": "KR",
        "coord": {
            "lon": 126.84272,
            "lat": 36.677559
        }
    },
    {
        "id": 1832798,
        "name": "Yecheon",
        "state": "",
        "country": "KR",
        "coord": {
            "lon": 128.45694,
            "lat": 36.65556
        }
    },
    {
        "id": 1832809,
        "name": "Yangyang",
        "state": "",
        "country": "KR",
        "coord": {
            "lon": 128.621109,
            "lat": 38.073891
        }
    },
    {
        "id": 1832828,
        "name": "Yangsan",
        "state": "",
        "country": "KR",
        "coord": {
            "lon": 129.038605,
            "lat": 35.338612
        }
    },
    {
        "id": 1832830,
        "name": "Yangp'yŏng",
        "state": "",
        "country": "KR",
        "coord": {
            "lon": 127.490562,
            "lat": 37.489719
        }
    },
    {
        "id": 1832847,
        "name": "Yangju",
        "state": "",
        "country": "KR",
        "coord": {
            "lon": 127.061691,
            "lat": 37.833111
        }
    },
    {
        "id": 1832909,
        "name": "Yanggu",
        "state": "",
        "country": "KR",
        "coord": {
            "lon": 127.989441,
            "lat": 38.105831
        }
    },
    {
        "id": 1832973,
        "name": "Yach’on",
        "state": "",
        "country": "KR",
        "coord": {
            "lon": 126.815826,
            "lat": 35.13028
        }
    },
    {
        "id": 1833105,
        "name": "Wŏnju",
        "state": "",
        "country": "KR",
        "coord": {
            "lon": 127.945282,
            "lat": 37.351391
        }
    },
    {
        "id": 1833466,
        "name": "Wanju",
        "state": "",
        "country": "KR",
        "coord": {
            "lon": 127.147522,
            "lat": 35.845089
        }
    },
    {
        "id": 1833514,
        "name": "Waegwan",
        "state": "",
        "country": "KR",
        "coord": {
            "lon": 128.397324,
            "lat": 35.991749
        }
    },
    {
        "id": 1833581,
        "name": "Unsal-li",
        "state": "",
        "country": "KR",
        "coord": {
            "lon": 127.20472,
            "lat": 38.054169
        }
    },
    {
        "id": 1833702,
        "name": "Umulmok",
        "state": "",
        "country": "KR",
        "coord": {
            "lon": 127.316673,
            "lat": 38.049999
        }
    },
    {
        "id": 1833742,
        "name": "Ulsan",
        "state": "",
        "country": "KR",
        "coord": {
            "lon": 129.266663,
            "lat": 35.566669
        }
    },
    {
        "id": 1833747,
        "name": "Ulsan",
        "state": "",
        "country": "KR",
        "coord": {
            "lon": 129.316666,
            "lat": 35.53722
        }
    },
    {
        "id": 1833763,
        "name": "Ulchin",
        "state": "",
        "country": "KR",
        "coord": {
            "lon": 129.399994,
            "lat": 36.992939
        }
    },
    {
        "id": 1833788,
        "name": "Uijeongbu-si",
        "state": "",
        "country": "KR",
        "coord": {
            "lon": 127.047401,
            "lat": 37.741501
        }
    },
    {
        "id": 1834885,
        "name": "Tangjin",
        "state": "",
        "country": "KR",
        "coord": {
            "lon": 126.629723,
            "lat": 36.89444
        }
    },
    {
        "id": 1835096,
        "name": "Taesal-li",
        "state": "",
        "country": "KR",
        "coord": {
            "lon": 126.454201,
            "lat": 36.971401
        }
    },
    {
        "id": 1835224,
        "name": "Daejeon",
        "state": "",
        "country": "KR",
        "coord": {
            "lon": 127.416672,
            "lat": 36.333328
        }
    },
    {
        "id": 1835235,
        "name": "Daejeon",
        "state": "",
        "country": "KR",
        "coord": {
            "lon": 127.419724,
            "lat": 36.321388
        }
    },
    {
        "id": 1835327,
        "name": "Daegu",
        "state": "",
        "country": "KR",
        "coord": {
            "lon": 128.550003,
            "lat": 35.799999
        }
    },
    {
        "id": 1835329,
        "name": "Daegu",
        "state": "",
        "country": "KR",
        "coord": {
            "lon": 128.59111,
            "lat": 35.870281
        }
    },
    {
        "id": 1835447,
        "name": "Boryeong",
        "state": "",
        "country": "KR",
        "coord": {
            "lon": 126.597717,
            "lat": 36.349312
        }
    },
    {
        "id": 1835515,
        "name": "T’aebaek",
        "state": "",
        "country": "KR",
        "coord": {
            "lon": 128.988907,
            "lat": 37.1759
        }
    },
    {
        "id": 1835518,
        "name": "Taian",
        "state": "",
        "country": "KR",
        "coord": {
            "lon": 126.297783,
            "lat": 36.75639
        }
    },
    {
        "id": 1835553,
        "name": "Suwon",
        "state": "",
        "country": "KR",
        "coord": {
            "lon": 127.008888,
            "lat": 37.291111
        }
    },
    {
        "id": 1835648,
        "name": "Suncheon",
        "state": "",
        "country": "KR",
        "coord": {
            "lon": 127.489471,
            "lat": 34.948078
        }
    },
    {
        "id": 1835650,
        "name": "Sunchang-chodeunghakgyo",
        "state": "",
        "country": "KR",
        "coord": {
            "lon": 127.142776,
            "lat": 35.373611
        }
    },
    {
        "id": 1835841,
        "name": "Republic of Korea",
        "state": "",
        "country": "KR",
        "coord": {
            "lon": 127.5,
            "lat": 37.0
        }
    },
    {
        "id": 1835847,
        "name": "Seoul",
        "state": "",
        "country": "KR",
        "coord": {
            "lon": 127.0,
            "lat": 37.583328
        }
    },
    {
        "id": 1835848,
        "name": "Seoul",
        "state": "",
        "country": "KR",
        "coord": {
            "lon": 126.977829,
            "lat": 37.56826
        }
    },
    {
        "id": 1835895,
        "name": "Seosan",
        "state": "",
        "country": "KR",
        "coord": {
            "lon": 126.452217,
            "lat": 36.78167
        }
    },
    {
        "id": 1835967,
        "name": "Jenzan",
        "state": "",
        "country": "KR",
        "coord": {
            "lon": 128.297501,
            "lat": 36.240829
        }
    },
    {
        "id": 1836034,
        "name": "Seisan-ri",
        "state": "",
        "country": "KR",
        "coord": {
            "lon": 128.066666,
            "lat": 35.099998
        }
    },
    {
        "id": 1836164,
        "name": "Songjeong",
        "state": "",
        "country": "KR",
        "coord": {
            "lon": 129.357224,
            "lat": 35.589169
        }
    },
    {
        "id": 1836208,
        "name": "Seonghwan",
        "state": "",
        "country": "KR",
        "coord": {
            "lon": 127.131393,
            "lat": 36.915562
        }
    },
    {
        "id": 1836553,
        "name": "Sokcho",
        "state": "",
        "country": "KR",
        "coord": {
            "lon": 128.59111,
            "lat": 38.208328
        }
    },
    {
        "id": 1837055,
        "name": "Yongsan",
        "state": "",
        "country": "KR",
        "coord": {
            "lon": 126.966667,
            "lat": 37.533329
        }
    },
    {
        "id": 1837217,
        "name": "Sinch’ŏn-dong",
        "state": "",
        "country": "KR",
        "coord": {
            "lon": 127.083328,
            "lat": 37.51667
        }
    },
    {
        "id": 1837640,
        "name": "Sangok",
        "state": "",
        "country": "KR",
        "coord": {
            "lon": 127.616669,
            "lat": 34.833328
        }
    },
    {
        "id": 1837660,
        "name": "Sang-ni",
        "state": "",
        "country": "KR",
        "coord": {
            "lon": 128.106201,
            "lat": 36.251099
        }
    },
    {
        "id": 1837706,
        "name": "Sangju",
        "state": "",
        "country": "KR",
        "coord": {
            "lon": 128.160553,
            "lat": 36.415279
        }
    },
    {
        "id": 1838069,
        "name": "Santyoku",
        "state": "",
        "country": "KR",
        "coord": {
            "lon": 129.170837,
            "lat": 37.440559
        }
    },
    {
        "id": 1838294,
        "name": "Shisen",
        "state": "",
        "country": "KR",
        "coord": {
            "lon": 128.088608,
            "lat": 35.084171
        }
    },
    {
        "id": 1838343,
        "name": "Pyeongtaek",
        "state": "",
        "country": "KR",
        "coord": {
            "lon": 127.08889,
            "lat": 36.99472
        }
    },
    {
        "id": 1838431,
        "name": "Pyeong",
        "state": "",
        "country": "KR",
        "coord": {
            "lon": 127.0,
            "lat": 37.0
        }
    },
    {
        "id": 1838508,
        "name": "Buyeo",
        "state": "",
        "country": "KR",
        "coord": {
            "lon": 126.912498,
            "lat": 36.28194
        }
    },
    {
        "id": 1838519,
        "name": "Busan",
        "state": "",
        "country": "KR",
        "coord": {
            "lon": 129.050003,
            "lat": 35.133331
        }
    },
    {
        "id": 1838524,
        "name": "Busan",
        "state": "",
        "country": "KR",
        "coord": {
            "lon": 129.040283,
            "lat": 35.102779
        }
    },
    {
        "id": 1838716,
        "name": "Bucheon-si",
        "state": "",
        "country": "KR",
        "coord": {
            "lon": 126.783058,
            "lat": 37.49889
        }
    },
    {
        "id": 1838722,
        "name": "Puan",
        "state": "",
        "country": "KR",
        "coord": {
            "lon": 126.731941,
            "lat": 35.728062
        }
    },
    {
        "id": 1838740,
        "name": "Boseong",
        "state": "",
        "country": "KR",
        "coord": {
            "lon": 127.080887,
            "lat": 34.769718
        }
    },
    {
        "id": 1839011,
        "name": "Beolgyo",
        "state": "",
        "country": "KR",
        "coord": {
            "lon": 127.342934,
            "lat": 34.84494
        }
    },
    {
        "id": 1839071,
        "name": "Pohang",
        "state": "",
        "country": "KR",
        "coord": {
            "lon": 129.365005,
            "lat": 36.032219
        }
    },
    {
        "id": 1839652,
        "name": "Osan",
        "state": "",
        "country": "KR",
        "coord": {
            "lon": 127.070557,
            "lat": 37.152222
        }
    },
    {
        "id": 1839726,
        "name": "Asan",
        "state": "",
        "country": "KR",
        "coord": {
            "lon": 127.004173,
            "lat": 36.783611
        }
    },
    {
        "id": 1839873,
        "name": "Okcheon",
        "state": "",
        "country": "KR",
        "coord": {
            "lon": 127.568001,
            "lat": 36.301201
        }
    },
    {
        "id": 1840179,
        "name": "Kosong",
        "state": "",
        "country": "KR",
        "coord": {
            "lon": 128.467606,
            "lat": 38.378811
        }
    },
    {
        "id": 1840211,
        "name": "Nonsan",
        "state": "",
        "country": "KR",
        "coord": {
            "lon": 127.084717,
            "lat": 36.203892
        }
    },
    {
        "id": 1840377,
        "name": "Namyang",
        "state": "",
        "country": "KR",
        "coord": {
            "lon": 126.816673,
            "lat": 37.208889
        }
    },
    {
        "id": 1840379,
        "name": "Nangen",
        "state": "",
        "country": "KR",
        "coord": {
            "lon": 127.385834,
            "lat": 35.41
        }
    },
    {
        "id": 1840421,
        "name": "Namp’o-ri",
        "state": "",
        "country": "KR",
        "coord": {
            "lon": 126.790833,
            "lat": 35.811939
        }
    },
    {
        "id": 1840454,
        "name": "Namhae",
        "state": "",
        "country": "KR",
        "coord": {
            "lon": 127.89444,
            "lat": 34.839439
        }
    },
    {
        "id": 1840536,
        "name": "Naju",
        "state": "",
        "country": "KR",
        "coord": {
            "lon": 126.717499,
            "lat": 35.028332
        }
    },
    {
        "id": 1840862,
        "name": "Munsan",
        "state": "",
        "country": "KR",
        "coord": {
            "lon": 126.785004,
            "lat": 37.85944
        }
    },
    {
        "id": 1840886,
        "name": "Mungyeong",
        "state": "",
        "country": "KR",
        "coord": {
            "lon": 128.199463,
            "lat": 36.594582
        }
    },
    {
        "id": 1840898,
        "name": "Paju",
        "state": "",
        "country": "KR",
        "coord": {
            "lon": 126.775002,
            "lat": 37.761108
        }
    },
    {
        "id": 1840942,
        "name": "Muju",
        "state": "",
        "country": "KR",
        "coord": {
            "lon": 127.661392,
            "lat": 36.007221
        }
    },
    {
        "id": 1840982,
        "name": "Muan",
        "state": "",
        "country": "KR",
        "coord": {
            "lon": 126.47139,
            "lat": 34.989719
        }
    },
    {
        "id": 1841066,
        "name": "Mokpo",
        "state": "",
        "country": "KR",
        "coord": {
            "lon": 126.388611,
            "lat": 34.79361
        }
    },
    {
        "id": 1841149,
        "name": "Miryang",
        "state": "",
        "country": "KR",
        "coord": {
            "lon": 128.748886,
            "lat": 35.493328
        }
    },
    {
        "id": 1841245,
        "name": "Masan",
        "state": "",
        "country": "KR",
        "coord": {
            "lon": 128.572495,
            "lat": 35.208061
        }
    },
    {
        "id": 1841597,
        "name": "Gyeongsangbuk-do",
        "state": "",
        "country": "KR",
        "coord": {
            "lon": 128.75,
            "lat": 36.333328
        }
    },
    {
        "id": 1841598,
        "name": "Gyeongsan-si",
        "state": "",
        "country": "KR",
        "coord": {
            "lon": 128.737778,
            "lat": 35.82333
        }
    },
    {
        "id": 1841603,
        "name": "Gyeongju",
        "state": "",
        "country": "KR",
        "coord": {
            "lon": 129.21167,
            "lat": 35.842781
        }
    },
    {
        "id": 1841610,
        "name": "Gyeonggi-do",
        "state": "",
        "country": "KR",
        "coord": {
            "lon": 127.25,
            "lat": 37.599998
        }
    },
    {
        "id": 1841775,
        "name": "Kwangyang",
        "state": "",
        "country": "KR",
        "coord": {
            "lon": 127.589172,
            "lat": 34.975281
        }
    },
    {
        "id": 1841808,
        "name": "Gwangju",
        "state": "",
        "country": "KR",
        "coord": {
            "lon": 126.916672,
            "lat": 35.166672
        }
    },
    {
        "id": 1841810,
        "name": "Gwangju",
        "state": "",
        "country": "KR",
        "coord": {
            "lon": 127.257217,
            "lat": 37.41
        }
    },
    {
        "id": 1841811,
        "name": "Gwangju",
        "state": "",
        "country": "KR",
        "coord": {
            "lon": 126.915558,
            "lat": 35.15472
        }
    },
    {
        "id": 1841909,
        "name": "Gwacheon",
        "state": "",
        "country": "KR",
        "coord": {
            "lon": 126.989166,
            "lat": 37.42889
        }
    },
    {
        "id": 1841919,
        "name": "Kuwaegwan",
        "state": "",
        "country": "KR",
        "coord": {
            "lon": 128.394608,
            "lat": 36.015099
        }
    },
    {
        "id": 1841976,
        "name": "Kurye",
        "state": "",
        "country": "KR",
        "coord": {
            "lon": 127.464439,
            "lat": 35.209438
        }
    },
    {
        "id": 1841988,
        "name": "Guri-si",
        "state": "",
        "country": "KR",
        "coord": {
            "lon": 127.139397,
            "lat": 37.598598
        }
    },
    {
        "id": 1842016,
        "name": "Kunwi",
        "state": "",
        "country": "KR",
        "coord": {
            "lon": 128.572784,
            "lat": 36.234718
        }
    },
    {
        "id": 1842025,
        "name": "Gunsan",
        "state": "",
        "country": "KR",
        "coord": {
            "lon": 126.711388,
            "lat": 35.978611
        }
    },
    {
        "id": 1842030,
        "name": "Gunpo",
        "state": "",
        "country": "KR",
        "coord": {
            "lon": 126.946938,
            "lat": 37.3675
        }
    },
    {
        "id": 1842153,
        "name": "Kinzan",
        "state": "",
        "country": "KR",
        "coord": {
            "lon": 127.488892,
            "lat": 36.103062
        }
    },
    {
        "id": 1842225,
        "name": "Gumi",
        "state": "",
        "country": "KR",
        "coord": {
            "lon": 128.335999,
            "lat": 36.113602
        }
    },
    {
        "id": 1842485,
        "name": "Goyang-si",
        "state": "",
        "country": "KR",
        "coord": {
            "lon": 126.834999,
            "lat": 37.656391
        }
    },
    {
        "id": 1842518,
        "name": "Goseong",
        "state": "",
        "country": "KR",
        "coord": {
            "lon": 128.323608,
            "lat": 34.976311
        }
    },
    {
        "id": 1842559,
        "name": "Koryŏng",
        "state": "",
        "country": "KR",
        "coord": {
            "lon": 128.267548,
            "lat": 35.729389
        }
    },
    {
        "id": 1842616,
        "name": "Gongju",
        "state": "",
        "country": "KR",
        "coord": {
            "lon": 127.124718,
            "lat": 36.455559
        }
    },
    {
        "id": 1842754,
        "name": "Kyosai",
        "state": "",
        "country": "KR",
        "coord": {
            "lon": 128.588608,
            "lat": 34.850281
        }
    },
    {
        "id": 1842781,
        "name": "Koyo",
        "state": "",
        "country": "KR",
        "coord": {
            "lon": 127.284462,
            "lat": 34.610081
        }
    },
    {
        "id": 1842800,
        "name": "Koesan",
        "state": "",
        "country": "KR",
        "coord": {
            "lon": 127.794724,
            "lat": 36.810829
        }
    },
    {
        "id": 1842859,
        "name": "Koch'ang",
        "state": "",
        "country": "KR",
        "coord": {
            "lon": 126.699997,
            "lat": 35.433331
        }
    },
    {
        "id": 1842936,
        "name": "Gimpo-si",
        "state": "",
        "country": "KR",
        "coord": {
            "lon": 126.714172,
            "lat": 37.623611
        }
    },
    {
        "id": 1842939,
        "name": "Kimje",
        "state": "",
        "country": "KR",
        "coord": {
            "lon": 126.888893,
            "lat": 35.80167
        }
    },
    {
        "id": 1842943,
        "name": "Kimhae",
        "state": "",
        "country": "KR",
        "coord": {
            "lon": 128.881104,
            "lat": 35.234169
        }
    },
    {
        "id": 1842944,
        "name": "Gimcheon",
        "state": "",
        "country": "KR",
        "coord": {
            "lon": 128.119812,
            "lat": 36.121761
        }
    },
    {
        "id": 1842966,
        "name": "Gijang",
        "state": "",
        "country": "KR",
        "coord": {
            "lon": 129.213882,
            "lat": 35.244171
        }
    },
    {
        "id": 1843082,
        "name": "Gapyeong",
        "state": "",
        "country": "KR",
        "coord": {
            "lon": 127.51059,
            "lat": 37.831009
        }
    },
    {
        "id": 1843125,
        "name": "Gangwon-do",
        "state": "",
        "country": "KR",
        "coord": {
            "lon": 128.25,
            "lat": 37.75
        }
    },
    {
        "id": 1843137,
        "name": "Gangneung",
        "state": "",
        "country": "KR",
        "coord": {
            "lon": 128.896103,
            "lat": 37.755562
        }
    },
    {
        "id": 1843163,
        "name": "Ganghwa-gun",
        "state": "",
        "country": "KR",
        "coord": {
            "lon": 126.485558,
            "lat": 37.747219
        }
    },
    {
        "id": 1843491,
        "name": "Iksan",
        "state": "",
        "country": "KR",
        "coord": {
            "lon": 126.954437,
            "lat": 35.94389
        }
    },
    {
        "id": 1843495,
        "name": "Ipyang-ni",
        "state": "",
        "country": "KR",
        "coord": {
            "lon": 127.5,
            "lat": 36.716671
        }
    },
    {
        "id": 1843502,
        "name": "Ipseokdong",
        "state": "",
        "country": "KR",
        "coord": {
            "lon": 128.649994,
            "lat": 35.900002
        }
    },
    {
        "id": 1843542,
        "name": "Inje",
        "state": "",
        "country": "KR",
        "coord": {
            "lon": 128.173065,
            "lat": 38.065559
        }
    },
    {
        "id": 1843561,
        "name": "Incheon",
        "state": "",
        "country": "KR",
        "coord": {
            "lon": 126.416107,
            "lat": 37.450001
        }
    },
    {
        "id": 1843564,
        "name": "Incheon",
        "state": "",
        "country": "KR",
        "coord": {
            "lon": 126.731667,
            "lat": 37.453609
        }
    },
    {
        "id": 1843585,
        "name": "Imsil",
        "state": "",
        "country": "KR",
        "coord": {
            "lon": 127.279442,
            "lat": 35.61306
        }
    },
    {
        "id": 1843702,
        "name": "Icheon-si",
        "state": "",
        "country": "KR",
        "coord": {
            "lon": 127.442497,
            "lat": 37.279171
        }
    },
    {
        "id": 1843841,
        "name": "Hwasun",
        "state": "",
        "country": "KR",
        "coord": {
            "lon": 126.985001,
            "lat": 35.059441
        }
    },
    {
        "id": 1843847,
        "name": "Hwaseong-si",
        "state": "",
        "country": "KR",
        "coord": {
            "lon": 126.816902,
            "lat": 37.206821
        }
    },
    {
        "id": 1843880,
        "name": "Hwapyeongri",
        "state": "",
        "country": "KR",
        "coord": {
            "lon": 127.569901,
            "lat": 37.24754
        }
    },
    {
        "id": 1844045,
        "name": "Hwacheon",
        "state": "",
        "country": "KR",
        "coord": {
            "lon": 127.706673,
            "lat": 38.10611
        }
    },
    {
        "id": 1844088,
        "name": "Hŭngjŏn",
        "state": "",
        "country": "KR",
        "coord": {
            "lon": 128.416672,
            "lat": 36.333328
        }
    },
    {
        "id": 1844106,
        "name": "Kulgwan-dong",
        "state": "",
        "country": "KR",
        "coord": {
            "lon": 126.553062,
            "lat": 37.209721
        }
    },
    {
        "id": 1844174,
        "name": "Hongseong",
        "state": "",
        "country": "KR",
        "coord": {
            "lon": 126.665001,
            "lat": 36.600899
        }
    },
    {
        "id": 1844191,
        "name": "Hongch’ŏn",
        "state": "",
        "country": "KR",
        "coord": {
            "lon": 127.885696,
            "lat": 37.691799
        }
    },
    {
        "id": 1844192,
        "name": "Hongch’ŏn",
        "state": "",
        "country": "KR",
        "coord": {
            "lon": 127.23333,
            "lat": 36.900002
        }
    },
    {
        "id": 1844308,
        "name": "Hayang",
        "state": "",
        "country": "KR",
        "coord": {
            "lon": 128.820007,
            "lat": 35.91333
        }
    },
    {
        "id": 1844533,
        "name": "Hamyang",
        "state": "",
        "country": "KR",
        "coord": {
            "lon": 127.727661,
            "lat": 35.519379
        }
    },
    {
        "id": 1844539,
        "name": "Hampyeongsaengtaegongwon",
        "state": "",
        "country": "KR",
        "coord": {
            "lon": 126.51944,
            "lat": 35.063889
        }
    },
    {
        "id": 1844751,
        "name": "Haenam",
        "state": "",
        "country": "KR",
        "coord": {
            "lon": 126.598892,
            "lat": 34.57111
        }
    },
    {
        "id": 1844788,
        "name": "Hadong-eup Samuso",
        "state": "",
        "country": "KR",
        "coord": {
            "lon": 127.749168,
            "lat": 35.069439
        }
    },
    {
        "id": 1844954,
        "name": "Jungpyong",
        "state": "",
        "country": "KR",
        "coord": {
            "lon": 127.58194,
            "lat": 36.784721
        }
    },
    {
        "id": 1845033,
        "name": "Chungju",
        "state": "",
        "country": "KR",
        "coord": {
            "lon": 127.93222,
            "lat": 36.970558
        }
    },
    {
        "id": 1845105,
        "name": "Chungcheongnam-do",
        "state": "",
        "country": "KR",
        "coord": {
            "lon": 127.0,
            "lat": 36.5
        }
    },
    {
        "id": 1845106,
        "name": "Chungcheongbuk-do",
        "state": "",
        "country": "KR",
        "coord": {
            "lon": 128.0,
            "lat": 36.75
        }
    },
    {
        "id": 1845136,
        "name": "Chuncheon",
        "state": "",
        "country": "KR",
        "coord": {
            "lon": 127.734169,
            "lat": 37.874722
        }
    },
    {
        "id": 1845275,
        "name": "Chuja-ri",
        "state": "",
        "country": "KR",
        "coord": {
            "lon": 127.213058,
            "lat": 37.361938
        }
    },
    {
        "id": 1845457,
        "name": "Jeonju",
        "state": "",
        "country": "KR",
        "coord": {
            "lon": 127.148888,
            "lat": 35.821941
        }
    },
    {
        "id": 1845519,
        "name": "Cheongsong gun",
        "state": "",
        "country": "KR",
        "coord": {
            "lon": 129.057007,
            "lat": 36.43351
        }
    },
    {
        "id": 1845585,
        "name": "Ch’ŏngnim",
        "state": "",
        "country": "KR",
        "coord": {
            "lon": 129.404724,
            "lat": 35.991669
        }
    },
    {
        "id": 1845604,
        "name": "Cheongju-si",
        "state": "",
        "country": "KR",
        "coord": {
            "lon": 127.489723,
            "lat": 36.637218
        }
    },
    {
        "id": 1845759,
        "name": "Cheonan",
        "state": "",
        "country": "KR",
        "coord": {
            "lon": 127.152199,
            "lat": 36.806499
        }
    },
    {
        "id": 1845788,
        "name": "Jeollanam-do",
        "state": "",
        "country": "KR",
        "coord": {
            "lon": 127.0,
            "lat": 34.75
        }
    },
    {
        "id": 1845789,
        "name": "Jeollabuk-do",
        "state": "",
        "country": "KR",
        "coord": {
            "lon": 127.25,
            "lat": 35.75
        }
    },
    {
        "id": 1846052,
        "name": "Chinju",
        "state": "",
        "country": "KR",
        "coord": {
            "lon": 128.084717,
            "lat": 35.19278
        }
    },
    {
        "id": 1846069,
        "name": "Chinhae",
        "state": "",
        "country": "KR",
        "coord": {
            "lon": 128.659714,
            "lat": 35.149441
        }
    },
    {
        "id": 1846095,
        "name": "Chinch'ŏn",
        "state": "",
        "country": "KR",
        "coord": {
            "lon": 127.443329,
            "lat": 36.85667
        }
    },
    {
        "id": 1846114,
        "name": "Jinan-gun",
        "state": "",
        "country": "KR",
        "coord": {
            "lon": 127.425278,
            "lat": 35.791672
        }
    },
    {
        "id": 1846149,
        "name": "Shitsukoku",
        "state": "",
        "country": "KR",
        "coord": {
            "lon": 128.551392,
            "lat": 35.920559
        }
    },
    {
        "id": 1846265,
        "name": "Jeju-do",
        "state": "",
        "country": "KR",
        "coord": {
            "lon": 126.5,
            "lat": 33.416672
        }
    },
    {
        "id": 1846266,
        "name": "Jeju City",
        "state": "",
        "country": "KR",
        "coord": {
            "lon": 126.521942,
            "lat": 33.50972
        }
    },
    {
        "id": 1846278,
        "name": "Teisen",
        "state": "",
        "country": "KR",
        "coord": {
            "lon": 128.211945,
            "lat": 37.136108
        }
    },
    {
        "id": 1846326,
        "name": "Changwon",
        "state": "",
        "country": "KR",
        "coord": {
            "lon": 128.681107,
            "lat": 35.228062
        }
    },
    {
        "id": 1846355,
        "name": "Changsu",
        "state": "",
        "country": "KR",
        "coord": {
            "lon": 127.515228,
            "lat": 35.648418
        }
    },
    {
        "id": 1846430,
        "name": "Changp’o",
        "state": "",
        "country": "KR",
        "coord": {
            "lon": 128.435013,
            "lat": 35.381691
        }
    },
    {
        "id": 1846589,
        "name": "Janggol",
        "state": "",
        "country": "KR",
        "coord": {
            "lon": 127.238403,
            "lat": 36.174702
        }
    },
    {
        "id": 1846735,
        "name": "Jamwon-dong",
        "state": "",
        "country": "KR",
        "coord": {
            "lon": 127.0,
            "lat": 37.51667
        }
    },
    {
        "id": 1846898,
        "name": "Anyang-si",
        "state": "",
        "country": "KR",
        "coord": {
            "lon": 126.926941,
            "lat": 37.392502
        }
    },
    {
        "id": 1846912,
        "name": "Anseong",
        "state": "",
        "country": "KR",
        "coord": {
            "lon": 127.270279,
            "lat": 37.01083
        }
    },
    {
        "id": 1846918,
        "name": "Ansan-si",
        "state": "",
        "country": "KR",
        "coord": {
            "lon": 126.821938,
            "lat": 37.323608
        }
    },
    {
        "id": 1846986,
        "name": "Andong",
        "state": "",
        "country": "KR",
        "coord": {
            "lon": 128.725006,
            "lat": 36.565559
        }
    },
    {
        "id": 1847050,
        "name": "Gaigeturi",
        "state": "",
        "country": "KR",
        "coord": {
            "lon": 126.318329,
            "lat": 33.464439
        }
    },
    {
        "id": 4736134,
        "name": "Texas City",
        "state": "TX",
        "country": "US",
        "coord": {
            "lon": -94.902702,
            "lat": 29.383841
        }
    },
    {
        "id": 5391959,
        "name": "San Francisco",
        "state": "CA",
        "country": "US",
        "coord": {
            "lon": -122.419418,
            "lat": 37.774929
        }
    },
    {
        "id": 1819729,
        "name": "Hong Kong",
        "state": "",
        "country": "HK",
        "coord": {
            "lon": 114.157692,
            "lat": 22.285521
        }
    },
    {
        "id": 1850147,
        "name": "Tokyo",
        "state": "",
        "country": "JP",
        "coord": {
            "lon": 139.691711,
            "lat": 35.689499
        }
    }
    ]